routenum,eta,distance,route,time
1,"18 min","15.4 miles","I-278 W","Wed Sep 26 00:44:57 2018"
1,"18 min","15.4 miles","I-278 W","Wed Sep 26 00:45:41 2018"
1,"18 min","15.4 miles","I-278 W","Wed Sep 26 00:46:18 2018"
1,"18 min","15.4 miles","I-278 W","Wed Sep 26 00:47:06 2018"
1,"18 min","15.4 miles","I-278 W","Wed Sep 26 00:47:50 2018"
1,"18 min","15.4 miles","I-278 W","Wed Sep 26 00:48:36 2018"
1,"18 min","15.4 miles","I-278 W","Wed Sep 26 00:49:11 2018"
1,"18 min","15.4 miles","I-278 W","Wed Sep 26 00:49:54 2018"
1,"18 min","15.4 miles","I-278 W","Wed Sep 26 00:50:32 2018"
1,"18 min","15.4 miles","I-278 W","Wed Sep 26 00:51:06 2018"
1,"18 min","15.4 miles","I-278 W","Wed Sep 26 00:51:49 2018"
1,"18 min","15.4 miles","I-278 W","Wed Sep 26 00:52:36 2018"
1,"18 min","15.4 miles","I-278 W","Wed Sep 26 00:53:19 2018"
1,"18 min","15.4 miles","I-278 W","Wed Sep 26 00:54:01 2018"
1,"18 min","15.4 miles","I-278 W","Wed Sep 26 00:54:45 2018"
1,"18 min","15.4 miles","I-278 W","Wed Sep 26 00:55:17 2018"
1,"18 min","15.4 miles","I-278 W","Wed Sep 26 00:55:56 2018"
1,"18 min","15.4 miles","I-278 W","Wed Sep 26 00:56:42 2018"
1,"18 min","15.4 miles","I-278 W","Wed Sep 26 00:57:24 2018"
1,"18 min","15.4 miles","I-278 W","Wed Sep 26 00:58:04 2018"
1,"18 min","15.4 miles","I-278 W","Wed Sep 26 00:58:45 2018"
1,"18 min","15.4 miles","I-278 W","Wed Sep 26 00:59:30 2018"
1,"18 min","15.4 miles","I-278 W","Wed Sep 26 01:00:26 2018"
1,"18 min","15.4 miles","I-278 W","Wed Sep 26 01:01:10 2018"
1,"19 min","15.4 miles","I-278 W","Wed Sep 26 01:01:52 2018"
1,"19 min","15.4 miles","I-278 W","Wed Sep 26 01:02:29 2018"
1,"19 min","15.4 miles","I-278 W","Wed Sep 26 01:03:13 2018"
1,"19 min","15.4 miles","I-278 W","Wed Sep 26 01:03:48 2018"
1,"19 min","15.4 miles","I-278 W","Wed Sep 26 01:04:33 2018"
1,"19 min","15.4 miles","I-278 W","Wed Sep 26 01:05:19 2018"
1,"19 min","15.4 miles","I-278 W","Wed Sep 26 01:06:01 2018"
1,"19 min","15.4 miles","I-278 W","Wed Sep 26 01:06:43 2018"
1,"18 min","15.4 miles","I-278 W","Wed Sep 26 01:07:27 2018"
1,"18 min","15.4 miles","I-278 W","Wed Sep 26 01:08:09 2018"
1,"18 min","15.4 miles","I-278 W","Wed Sep 26 01:08:51 2018"
1,"18 min","15.4 miles","I-278 W","Wed Sep 26 01:09:25 2018"
1,"18 min","15.4 miles","I-278 W","Wed Sep 26 01:10:09 2018"
1,"18 min","15.4 miles","I-278 W","Wed Sep 26 01:10:52 2018"
1,"18 min","15.4 miles","I-278 W","Wed Sep 26 01:11:35 2018"
1,"18 min","15.4 miles","I-278 W","Wed Sep 26 01:12:14 2018"
1,"18 min","15.4 miles","I-278 W","Wed Sep 26 01:12:55 2018"
1,"18 min","15.4 miles","I-278 W","Wed Sep 26 01:13:20 2018"
1,"18 min","15.4 miles","I-278 W","Wed Sep 26 01:14:03 2018"
1,"19 min","15.4 miles","I-278 W","Wed Sep 26 01:14:49 2018"
1,"18 min","15.4 miles","I-278 W","Wed Sep 26 01:15:32 2018"
1,"19 min","15.4 miles","I-278 W","Wed Sep 26 01:16:02 2018"
1,"19 min","15.4 miles","I-278 W","Wed Sep 26 01:16:43 2018"
1,"18 min","15.4 miles","I-278 W","Wed Sep 26 01:17:28 2018"
1,"19 min","15.4 miles","I-278 W","Wed Sep 26 01:18:01 2018"
1,"19 min","15.4 miles","I-278 W","Wed Sep 26 01:18:43 2018"
1,"19 min","15.4 miles","I-278 W","Wed Sep 26 01:19:19 2018"
1,"19 min","15.4 miles","I-278 W","Wed Sep 26 01:19:56 2018"
1,"19 min","15.4 miles","I-278 W","Wed Sep 26 01:20:38 2018"
1,"19 min","15.4 miles","I-278 W","Wed Sep 26 01:21:25 2018"
1,"19 min","15.4 miles","I-278 W","Wed Sep 26 01:22:10 2018"
1,"19 min","15.4 miles","I-278 W","Wed Sep 26 01:22:54 2018"
1,"19 min","15.4 miles","I-278 W","Wed Sep 26 01:23:37 2018"
1,"19 min","15.4 miles","I-278 W","Wed Sep 26 01:24:14 2018"
1,"19 min","15.4 miles","I-278 W","Wed Sep 26 01:24:56 2018"
1,"19 min","15.4 miles","I-278 W","Wed Sep 26 01:25:42 2018"
1,"19 min","15.4 miles","I-278 W","Wed Sep 26 01:26:28 2018"
1,"19 min","15.4 miles","I-278 W","Wed Sep 26 01:27:04 2018"
1,"19 min","15.4 miles","I-278 W","Wed Sep 26 01:27:42 2018"
1,"19 min","15.4 miles","I-278 W","Wed Sep 26 01:28:18 2018"
1,"19 min","15.4 miles","I-278 W","Wed Sep 26 01:29:01 2018"
1,"19 min","15.4 miles","I-278 W","Wed Sep 26 01:29:49 2018"
1,"19 min","15.4 miles","I-278 W","Wed Sep 26 01:30:22 2018"
1,"19 min","15.4 miles","I-278 W","Wed Sep 26 01:31:02 2018"
1,"18 min","15.4 miles","I-278 W","Wed Sep 26 01:31:51 2018"
1,"19 min","15.4 miles","I-278 W","Wed Sep 26 01:32:23 2018"
1,"19 min","15.4 miles","I-278 W","Wed Sep 26 01:33:04 2018"
1,"19 min","15.4 miles","I-278 W","Wed Sep 26 01:33:38 2018"
1,"19 min","15.4 miles","I-278 W","Wed Sep 26 01:34:07 2018"
1,"18 min","15.4 miles","I-278 W","Wed Sep 26 01:34:52 2018"
1,"18 min","15.4 miles","I-278 W","Wed Sep 26 01:35:24 2018"
1,"18 min","15.4 miles","I-278 W","Wed Sep 26 01:36:01 2018"
1,"18 min","15.4 miles","I-278 W","Wed Sep 26 01:36:41 2018"
1,"18 min","15.4 miles","I-278 W","Wed Sep 26 01:37:23 2018"
1,"19 min","15.4 miles","I-278 W","Wed Sep 26 01:38:07 2018"
1,"18 min","15.4 miles","I-278 W","Wed Sep 26 01:38:49 2018"
1,"18 min","15.4 miles","I-278 W","Wed Sep 26 01:39:21 2018"
1,"18 min","15.4 miles","I-278 W","Wed Sep 26 01:40:04 2018"
1,"18 min","15.4 miles","I-278 W","Wed Sep 26 01:40:37 2018"
1,"19 min","15.4 miles","I-278 W","Wed Sep 26 01:41:08 2018"
1,"19 min","15.4 miles","I-278 W","Wed Sep 26 01:41:49 2018"
1,"19 min","15.4 miles","I-278 W","Wed Sep 26 01:42:33 2018"
1,"18 min","15.4 miles","I-278 W","Wed Sep 26 01:43:12 2018"
1,"19 min","15.4 miles","I-278 W","Wed Sep 26 01:43:46 2018"
1,"19 min","15.4 miles","I-278 W","Wed Sep 26 01:44:19 2018"
1,"19 min","15.4 miles","I-278 W","Wed Sep 26 01:45:00 2018"
1,"19 min","15.4 miles","I-278 W","Wed Sep 26 01:45:47 2018"
1,"19 min","15.4 miles","I-278 W","Wed Sep 26 01:46:33 2018"
1,"19 min","15.4 miles","I-278 W","Wed Sep 26 01:47:07 2018"
1,"19 min","15.4 miles","I-278 W","Wed Sep 26 01:47:40 2018"
1,"19 min","15.4 miles","I-278 W","Wed Sep 26 01:48:14 2018"
1,"19 min","15.4 miles","I-278 W","Wed Sep 26 01:48:48 2018"
1,"19 min","15.4 miles","I-278 W","Wed Sep 26 01:49:27 2018"
1,"19 min","15.4 miles","I-278 W","Wed Sep 26 01:50:10 2018"
1,"19 min","15.4 miles","I-278 W","Wed Sep 26 01:51:01 2018"
1,"19 min","15.4 miles","I-278 W","Wed Sep 26 01:51:45 2018"
1,"19 min","15.4 miles","I-278 W","Wed Sep 26 01:52:28 2018"
1,"19 min","15.4 miles","I-278 W","Wed Sep 26 01:53:10 2018"
1,"19 min","15.4 miles","I-278 W","Wed Sep 26 01:54:02 2018"
1,"18 min","15.4 miles","I-278 W","Wed Sep 26 01:54:41 2018"
1,"18 min","15.4 miles","I-278 W","Wed Sep 26 01:55:22 2018"
1,"18 min","15.4 miles","I-278 W","Wed Sep 26 01:56:06 2018"
1,"18 min","15.4 miles","I-278 W","Wed Sep 26 01:56:49 2018"
1,"18 min","15.4 miles","I-278 W","Wed Sep 26 01:57:33 2018"
1,"18 min","15.4 miles","I-278 W","Wed Sep 26 01:58:09 2018"
1,"18 min","15.4 miles","I-278 W","Wed Sep 26 01:58:52 2018"
1,"18 min","15.4 miles","I-278 W","Wed Sep 26 01:59:27 2018"
1,"18 min","15.4 miles","I-278 W","Wed Sep 26 02:00:10 2018"
1,"18 min","15.4 miles","I-278 W","Wed Sep 26 02:00:47 2018"
1,"18 min","15.4 miles","I-278 W","Wed Sep 26 02:01:20 2018"
1,"18 min","15.4 miles","I-278 W","Wed Sep 26 02:02:01 2018"
1,"18 min","15.4 miles","I-278 W","Wed Sep 26 02:02:44 2018"
1,"18 min","15.4 miles","I-278 W","Wed Sep 26 02:03:19 2018"
1,"18 min","15.4 miles","I-278 W","Wed Sep 26 02:03:49 2018"
1,"18 min","15.4 miles","I-278 W","Wed Sep 26 02:04:29 2018"
1,"18 min","15.4 miles","I-278 W","Wed Sep 26 02:05:14 2018"
1,"18 min","15.4 miles","I-278 W","Wed Sep 26 02:05:58 2018"
1,"17 min","15.4 miles","I-278 W","Wed Sep 26 02:06:38 2018"
1,"18 min","15.4 miles","I-278 W","Wed Sep 26 02:07:12 2018"
1,"17 min","15.4 miles","I-278 W","Wed Sep 26 02:07:58 2018"
1,"17 min","15.4 miles","I-278 W","Wed Sep 26 02:08:32 2018"
1,"17 min","15.4 miles","I-278 W","Wed Sep 26 02:09:05 2018"
1,"18 min","15.4 miles","I-278 W","Wed Sep 26 02:09:47 2018"
1,"18 min","15.4 miles","I-278 W","Wed Sep 26 02:10:26 2018"
1,"18 min","15.4 miles","I-278 W","Wed Sep 26 02:11:00 2018"
1,"18 min","15.4 miles","I-278 W","Wed Sep 26 02:11:34 2018"
1,"18 min","15.4 miles","I-278 W","Wed Sep 26 02:12:19 2018"
1,"18 min","15.4 miles","I-278 W","Wed Sep 26 02:12:57 2018"
1,"18 min","15.4 miles","I-278 W","Wed Sep 26 02:13:43 2018"
1,"18 min","15.4 miles","I-278 W","Wed Sep 26 02:14:27 2018"
1,"18 min","15.4 miles","I-278 W","Wed Sep 26 02:15:08 2018"
1,"17 min","15.4 miles","I-278 W","Wed Sep 26 02:15:42 2018"
1,"17 min","15.4 miles","I-278 W","Wed Sep 26 02:16:20 2018"
1,"18 min","15.4 miles","I-278 W","Wed Sep 26 02:16:57 2018"
1,"18 min","15.4 miles","I-278 W","Wed Sep 26 02:17:43 2018"
1,"18 min","15.4 miles","I-278 W","Wed Sep 26 02:18:17 2018"
1,"18 min","15.4 miles","I-278 W","Wed Sep 26 02:18:57 2018"
1,"18 min","15.4 miles","I-278 W","Wed Sep 26 02:19:39 2018"
1,"18 min","15.4 miles","I-278 W","Wed Sep 26 02:20:13 2018"
1,"18 min","15.4 miles","I-278 W","Wed Sep 26 02:20:57 2018"
1,"18 min","15.4 miles","I-278 W","Wed Sep 26 02:21:32 2018"
1,"18 min","15.4 miles","I-278 W","Wed Sep 26 02:22:17 2018"
1,"18 min","15.4 miles","I-278 W","Wed Sep 26 02:23:02 2018"
1,"18 min","15.4 miles","I-278 W","Wed Sep 26 02:23:32 2018"
1,"18 min","15.4 miles","I-278 W","Wed Sep 26 02:24:11 2018"
1,"18 min","15.4 miles","I-278 W","Wed Sep 26 02:24:47 2018"
1,"18 min","15.4 miles","I-278 W","Wed Sep 26 02:25:25 2018"
1,"18 min","15.4 miles","I-278 W","Wed Sep 26 02:25:59 2018"
1,"18 min","15.4 miles","I-278 W","Wed Sep 26 02:26:33 2018"
1,"18 min","15.4 miles","I-278 W","Wed Sep 26 02:27:16 2018"
1,"18 min","15.4 miles","I-278 W","Wed Sep 26 02:28:05 2018"
1,"18 min","15.4 miles","I-278 W","Wed Sep 26 02:28:52 2018"
1,"18 min","15.4 miles","I-278 W","Wed Sep 26 02:29:27 2018"
1,"18 min","15.4 miles","I-278 W","Wed Sep 26 02:30:13 2018"
1,"18 min","15.4 miles","I-278 W","Wed Sep 26 02:30:51 2018"
1,"18 min","15.4 miles","I-278 W","Wed Sep 26 02:31:32 2018"
1,"18 min","15.4 miles","I-278 W","Wed Sep 26 02:32:13 2018"
1,"30 min","15.4 miles","I-278 W","Wed Sep 26 14:30:18 2018"
1,"30 min","15.4 miles","I-278 W","Wed Sep 26 14:31:10 2018"
1,"31 min","15.4 miles","I-278 W","Wed Sep 26 14:32:18 2018"
1,"31 min","15.4 miles","I-278 W","Wed Sep 26 14:32:56 2018"
1,"32 min","15.4 miles","I-278 W","Wed Sep 26 14:33:18 2018"
1,"32 min","15.4 miles","I-278 W","Wed Sep 26 14:33:40 2018"
1,"32 min","15.4 miles","I-278 W","Wed Sep 26 14:34:10 2018"
1,"32 min","15.4 miles","I-278 W","Wed Sep 26 14:34:33 2018"
1,"33 min","15.4 miles","I-278 W","Wed Sep 26 14:34:55 2018"
1,"33 min","15.4 miles","I-278 W","Wed Sep 26 14:35:26 2018"
1,"33 min","15.4 miles","I-278 W","Wed Sep 26 14:35:50 2018"
1,"34 min","15.4 miles","I-278 W","Wed Sep 26 14:36:22 2018"
1,"33 min","15.4 miles","I-278 W","Wed Sep 26 14:36:52 2018"
1,"33 min","15.4 miles","I-278 W","Wed Sep 26 14:37:18 2018"
1,"34 min","15.4 miles","I-278 W","Wed Sep 26 14:37:41 2018"
1,"35 min","15.4 miles","I-278 W","Wed Sep 26 14:38:09 2018"
1,"22 min","15.4 miles","I-278 W","Thu Sep 27 23:11:50 2018"
1,"22 min","15.4 miles","I-278 W","Thu Sep 27 23:12:13 2018"
1,"23 min","15.4 miles","I-278 W","Thu Sep 27 23:12:46 2018"
1,"23 min","15.4 miles","I-278 W","Thu Sep 27 23:13:09 2018"
1,"22 min","15.4 miles","I-278 W","Thu Sep 27 23:13:33 2018"
1,"22 min","15.4 miles","I-278 W","Thu Sep 27 23:14:09 2018"
1,"23 min","15.4 miles","I-278 W","Thu Sep 27 23:14:30 2018"
1,"22 min","15.4 miles","I-278 W","Thu Sep 27 23:14:53 2018"
1,"22 min","15.4 miles","I-278 W","Thu Sep 27 23:15:19 2018"
1,"22 min","15.4 miles","I-278 W","Thu Sep 27 23:15:51 2018"
1,"22 min","15.4 miles","I-278 W","Thu Sep 27 23:16:30 2018"
1,"22 min","15.4 miles","I-278 W","Thu Sep 27 23:17:01 2018"
1,"22 min","15.4 miles","I-278 W","Thu Sep 27 23:17:21 2018"
1,"22 min","15.4 miles","I-278 W","Thu Sep 27 23:17:55 2018"
1,"23 min","15.4 miles","I-278 W","Thu Sep 27 23:18:24 2018"
1,"22 min","15.4 miles","I-278 W","Thu Sep 27 23:18:54 2018"
1,"22 min","15.4 miles","I-278 W","Thu Sep 27 23:19:18 2018"
1,"23 min","15.4 miles","I-278 W","Thu Sep 27 23:19:56 2018"
1,"22 min","15.4 miles","I-278 W","Thu Sep 27 23:20:23 2018"
1,"22 min","15.4 miles","I-278 W","Thu Sep 27 23:21:00 2018"
1,"22 min","15.4 miles","I-278 W","Thu Sep 27 23:21:27 2018"
1,"23 min","15.4 miles","I-278 W","Thu Sep 27 23:22:00 2018"
1,"23 min","15.4 miles","I-278 W","Thu Sep 27 23:22:25 2018"
1,"23 min","15.4 miles","I-278 W","Thu Sep 27 23:22:52 2018"
1,"23 min","15.4 miles","I-278 W","Thu Sep 27 23:23:26 2018"
1,"23 min","15.4 miles","I-278 W","Thu Sep 27 23:24:06 2018"
1,"23 min","15.4 miles","I-278 W","Thu Sep 27 23:24:38 2018"
1,"23 min","15.4 miles","I-278 W","Thu Sep 27 23:25:03 2018"
1,"22 min","15.4 miles","I-278 W","Thu Sep 27 23:25:28 2018"
1,"22 min","15.4 miles","I-278 W","Thu Sep 27 23:25:52 2018"
1,"22 min","15.4 miles","I-278 W","Thu Sep 27 23:26:27 2018"
1,"21 min","15.4 miles","I-278 W","Thu Sep 27 23:27:04 2018"
1,"21 min","15.4 miles","I-278 W","Thu Sep 27 23:27:32 2018"
1,"21 min","15.4 miles","I-278 W","Thu Sep 27 23:27:58 2018"
1,"22 min","15.4 miles","I-278 W","Thu Sep 27 23:28:31 2018"
1,"22 min","15.4 miles","I-278 W","Thu Sep 27 23:29:02 2018"
1,"22 min","15.4 miles","I-278 W","Thu Sep 27 23:29:32 2018"
1,"22 min","15.4 miles","I-278 W","Thu Sep 27 23:30:03 2018"
1,"22 min","15.4 miles","I-278 W","Thu Sep 27 23:30:36 2018"
1,"22 min","15.4 miles","I-278 W","Thu Sep 27 23:31:09 2018"
1,"22 min","15.4 miles","I-278 W","Thu Sep 27 23:31:33 2018"
1,"22 min","15.4 miles","I-278 W","Thu Sep 27 23:32:02 2018"
1,"22 min","15.4 miles","I-278 W","Thu Sep 27 23:32:36 2018"
1,"21 min","15.4 miles","I-278 W","Thu Sep 27 23:33:07 2018"
1,"21 min","15.4 miles","I-278 W","Thu Sep 27 23:33:32 2018"
1,"21 min","15.4 miles","I-278 W","Thu Sep 27 23:33:55 2018"
1,"20 min","15.4 miles","I-278 W","Thu Sep 27 23:34:23 2018"
1,"20 min","15.4 miles","I-278 W","Thu Sep 27 23:34:40 2018"
1,"21 min","15.4 miles","I-278 W","Thu Sep 27 23:35:13 2018"
1,"21 min","15.4 miles","I-278 W","Thu Sep 27 23:35:39 2018"
1,"20 min","15.4 miles","I-278 W","Thu Sep 27 23:36:06 2018"
1,"21 min","15.4 miles","I-278 W","Thu Sep 27 23:36:35 2018"
1,"21 min","15.4 miles","I-278 W","Thu Sep 27 23:37:00 2018"
1,"21 min","15.4 miles","I-278 W","Thu Sep 27 23:37:36 2018"
1,"21 min","15.4 miles","I-278 W","Thu Sep 27 23:38:02 2018"
1,"20 min","15.4 miles","I-278 W","Thu Sep 27 23:38:26 2018"
1,"20 min","15.4 miles","I-278 W","Thu Sep 27 23:38:56 2018"
1,"21 min","15.4 miles","I-278 W","Thu Sep 27 23:39:21 2018"
1,"21 min","15.4 miles","I-278 W","Thu Sep 27 23:39:49 2018"
1,"21 min","15.4 miles","I-278 W","Thu Sep 27 23:40:13 2018"
1,"21 min","15.4 miles","I-278 W","Thu Sep 27 23:40:46 2018"
1,"21 min","15.4 miles","I-278 W","Thu Sep 27 23:41:25 2018"
1,"21 min","15.4 miles","I-278 W","Thu Sep 27 23:41:50 2018"
1,"21 min","15.4 miles","I-278 W","Thu Sep 27 23:42:17 2018"
1,"21 min","15.4 miles","I-278 W","Thu Sep 27 23:42:50 2018"
1,"21 min","15.4 miles","I-278 W","Thu Sep 27 23:43:20 2018"
1,"21 min","15.4 miles","I-278 W","Thu Sep 27 23:43:45 2018"
1,"21 min","15.4 miles","I-278 W","Thu Sep 27 23:44:13 2018"
1,"21 min","15.4 miles","I-278 W","Thu Sep 27 23:44:44 2018"
1,"21 min","15.4 miles","I-278 W","Thu Sep 27 23:45:16 2018"
1,"21 min","15.4 miles","I-278 W","Thu Sep 27 23:45:33 2018"
1,"21 min","15.4 miles","I-278 W","Thu Sep 27 23:46:03 2018"
1,"21 min","15.4 miles","I-278 W","Thu Sep 27 23:46:26 2018"
1,"21 min","15.4 miles","I-278 W","Thu Sep 27 23:46:54 2018"
1,"21 min","15.4 miles","I-278 W","Thu Sep 27 23:47:25 2018"
1,"22 min","15.4 miles","I-278 W","Thu Sep 27 23:47:52 2018"
1,"22 min","15.4 miles","I-278 W","Thu Sep 27 23:48:33 2018"
1,"22 min","15.4 miles","I-278 W","Thu Sep 27 23:49:01 2018"
1,"22 min","15.4 miles","I-278 W","Thu Sep 27 23:49:29 2018"
1,"22 min","15.4 miles","I-278 W","Thu Sep 27 23:49:59 2018"
1,"22 min","15.4 miles","I-278 W","Thu Sep 27 23:50:32 2018"
1,"22 min","15.4 miles","I-278 W","Thu Sep 27 23:51:11 2018"
1,"22 min","15.4 miles","I-278 W","Thu Sep 27 23:51:37 2018"
1,"22 min","15.4 miles","I-278 W","Thu Sep 27 23:52:03 2018"
1,"23 min","15.4 miles","I-278 W","Thu Sep 27 23:52:35 2018"
1,"23 min","15.4 miles","I-278 W","Thu Sep 27 23:53:01 2018"
1,"23 min","15.4 miles","I-278 W","Thu Sep 27 23:53:28 2018"
1,"23 min","15.4 miles","I-278 W","Thu Sep 27 23:53:58 2018"
1,"23 min","15.4 miles","I-278 W","Thu Sep 27 23:54:34 2018"
1,"23 min","15.4 miles","I-278 W","Thu Sep 27 23:55:04 2018"
1,"23 min","15.4 miles","I-278 W","Thu Sep 27 23:55:33 2018"
1,"23 min","15.4 miles","I-278 W","Thu Sep 27 23:56:07 2018"
1,"22 min","15.4 miles","I-278 W","Thu Sep 27 23:56:42 2018"
1,"22 min","15.4 miles","I-278 W","Thu Sep 27 23:57:31 2018"
1,"22 min","15.4 miles","I-278 W","Thu Sep 27 23:58:01 2018"
1,"23 min","15.4 miles","I-278 W","Thu Sep 27 23:58:44 2018"
1,"23 min","15.4 miles","I-278 W","Thu Sep 27 23:59:34 2018"
1,"23 min","15.4 miles","I-278 W","Fri Sep 28 00:00:15 2018"
1,"23 min","15.4 miles","I-278 W","Fri Sep 28 00:00:49 2018"
1,"23 min","15.4 miles","I-278 W","Fri Sep 28 00:01:15 2018"
1,"23 min","15.4 miles","I-278 W","Fri Sep 28 00:01:51 2018"
1,"23 min","15.4 miles","I-278 W","Fri Sep 28 00:02:20 2018"
1,"24 min","15.4 miles","I-278 W","Fri Sep 28 00:02:46 2018"
1,"24 min","15.4 miles","I-278 W","Fri Sep 28 00:03:12 2018"
1,"23 min","15.4 miles","I-278 W","Fri Sep 28 00:03:37 2018"
1,"24 min","15.4 miles","I-278 W","Fri Sep 28 00:04:11 2018"
1,"24 min","15.4 miles","I-278 W","Fri Sep 28 00:04:37 2018"
1,"23 min","15.4 miles","I-278 W","Fri Sep 28 00:05:06 2018"
1,"23 min","15.4 miles","I-278 W","Fri Sep 28 00:05:33 2018"
1,"23 min","15.4 miles","I-278 W","Fri Sep 28 00:05:57 2018"
1,"23 min","15.4 miles","I-278 W","Fri Sep 28 00:06:31 2018"
1,"23 min","15.4 miles","I-278 W","Fri Sep 28 00:06:59 2018"
1,"23 min","15.4 miles","I-278 W","Fri Sep 28 00:07:31 2018"
1,"23 min","15.4 miles","I-278 W","Fri Sep 28 00:07:58 2018"
1,"23 min","15.4 miles","I-278 W","Fri Sep 28 00:08:15 2018"
1,"23 min","15.4 miles","I-278 W","Fri Sep 28 00:08:48 2018"
1,"23 min","15.4 miles","I-278 W","Fri Sep 28 00:09:11 2018"
1,"22 min","15.4 miles","I-278 W","Fri Sep 28 00:09:38 2018"
1,"22 min","15.4 miles","I-278 W","Fri Sep 28 00:10:03 2018"
1,"22 min","15.4 miles","I-278 W","Fri Sep 28 00:10:39 2018"
1,"22 min","15.4 miles","I-278 W","Fri Sep 28 00:11:08 2018"
1,"22 min","15.4 miles","I-278 W","Fri Sep 28 00:11:33 2018"
1,"21 min","15.4 miles","I-278 W","Fri Sep 28 00:12:10 2018"
1,"21 min","15.4 miles","I-278 W","Fri Sep 28 00:12:55 2018"
1,"21 min","15.4 miles","I-278 W","Fri Sep 28 00:13:27 2018"
1,"21 min","15.4 miles","I-278 W","Fri Sep 28 00:14:04 2018"
1,"21 min","15.4 miles","I-278 W","Fri Sep 28 00:14:53 2018"
1,"21 min","15.4 miles","I-278 W","Fri Sep 28 00:15:17 2018"
1,"22 min","15.4 miles","I-278 W","Fri Sep 28 00:15:53 2018"
1,"22 min","15.4 miles","I-278 W","Fri Sep 28 00:16:18 2018"
1,"21 min","15.4 miles","I-278 W","Fri Sep 28 00:16:54 2018"
1,"21 min","15.4 miles","I-278 W","Fri Sep 28 00:17:23 2018"
1,"21 min","15.4 miles","I-278 W","Fri Sep 28 00:17:59 2018"
1,"21 min","15.4 miles","I-278 W","Fri Sep 28 00:18:44 2018"
1,"21 min","15.4 miles","I-278 W","Fri Sep 28 00:19:22 2018"
1,"21 min","15.4 miles","I-278 W","Fri Sep 28 00:20:05 2018"
1,"21 min","15.4 miles","I-278 W","Fri Sep 28 00:20:39 2018"
1,"21 min","15.4 miles","I-278 W","Fri Sep 28 00:21:13 2018"
1,"21 min","15.4 miles","I-278 W","Fri Sep 28 00:21:40 2018"
1,"21 min","15.4 miles","I-278 W","Fri Sep 28 00:22:10 2018"
1,"21 min","15.4 miles","I-278 W","Fri Sep 28 00:22:58 2018"
1,"21 min","15.4 miles","I-278 W","Fri Sep 28 00:23:26 2018"
1,"21 min","15.4 miles","I-278 W","Fri Sep 28 00:23:59 2018"
1,"21 min","15.4 miles","I-278 W","Fri Sep 28 00:24:25 2018"
1,"21 min","15.4 miles","I-278 W","Fri Sep 28 00:25:00 2018"
1,"21 min","15.4 miles","I-278 W","Fri Sep 28 00:25:23 2018"
1,"24 min","15.4 miles","I-278 W","Fri Sep 28 08:56:54 2018"
1,"23 min","15.4 miles","I-278 W","Fri Sep 28 08:57:18 2018"
1,"23 min","15.4 miles","I-278 W","Fri Sep 28 08:57:41 2018"
1,"24 min","15.4 miles","I-278 W","Fri Sep 28 08:58:03 2018"
1,"23 min","15.4 miles","I-278 W","Fri Sep 28 08:58:26 2018"
1,"24 min","15.4 miles","I-278 W","Fri Sep 28 08:58:56 2018"
1,"24 min","15.4 miles","I-278 W","Fri Sep 28 08:59:23 2018"
1,"24 min","15.4 miles","I-278 W","Fri Sep 28 08:59:44 2018"
1,"24 min","15.4 miles","I-278 W","Fri Sep 28 09:00:05 2018"
1,"24 min","15.4 miles","I-278 W","Fri Sep 28 09:00:27 2018"
1,"24 min","15.4 miles","I-278 W","Fri Sep 28 09:00:54 2018"
1,"24 min","15.4 miles","I-278 W","Fri Sep 28 09:01:15 2018"
1,"24 min","15.4 miles","I-278 W","Fri Sep 28 09:01:42 2018"
1,"24 min","15.4 miles","I-278 W","Fri Sep 28 09:02:08 2018"
1,"24 min","15.4 miles","I-278 W","Fri Sep 28 09:02:43 2018"
1,"24 min","15.4 miles","I-278 W","Fri Sep 28 09:03:03 2018"
1,"24 min","15.4 miles","I-278 W","Fri Sep 28 09:03:28 2018"
1,"24 min","15.4 miles","I-278 W","Fri Sep 28 09:03:49 2018"
1,"24 min","15.4 miles","I-278 W","Fri Sep 28 09:04:10 2018"
1,"24 min","15.4 miles","I-278 W","Fri Sep 28 09:04:32 2018"
1,"24 min","15.4 miles","I-278 W","Fri Sep 28 09:04:53 2018"
1,"24 min","15.4 miles","I-278 W","Fri Sep 28 09:05:15 2018"
1,"24 min","15.4 miles","I-278 W","Fri Sep 28 09:05:36 2018"
1,"24 min","15.4 miles","I-278 W","Fri Sep 28 09:05:58 2018"
1,"24 min","15.4 miles","I-278 W","Fri Sep 28 09:06:19 2018"
1,"24 min","15.4 miles","I-278 W","Fri Sep 28 09:06:43 2018"
1,"24 min","15.4 miles","I-278 W","Fri Sep 28 09:07:15 2018"
1,"24 min","15.4 miles","I-278 W","Fri Sep 28 09:07:34 2018"
1,"23 min","15.4 miles","I-278 W","Fri Sep 28 09:08:00 2018"
1,"23 min","15.4 miles","I-278 W","Fri Sep 28 09:08:22 2018"
1,"23 min","15.4 miles","I-278 W","Fri Sep 28 09:08:43 2018"
1,"23 min","15.4 miles","I-278 W","Fri Sep 28 09:09:03 2018"
1,"23 min","15.4 miles","I-278 W","Fri Sep 28 09:09:28 2018"
1,"22 min","15.4 miles","I-278 W","Fri Sep 28 09:09:50 2018"
1,"23 min","15.4 miles","I-278 W","Fri Sep 28 09:10:24 2018"
1,"23 min","15.4 miles","I-278 W","Fri Sep 28 09:10:46 2018"
1,"23 min","15.4 miles","I-278 W","Fri Sep 28 09:11:07 2018"
1,"23 min","15.4 miles","I-278 W","Fri Sep 28 09:11:27 2018"
1,"23 min","15.4 miles","I-278 W","Fri Sep 28 09:11:49 2018"
1,"23 min","15.4 miles","I-278 W","Fri Sep 28 09:12:12 2018"
1,"23 min","15.4 miles","I-278 W","Fri Sep 28 09:12:33 2018"
1,"23 min","15.4 miles","I-278 W","Fri Sep 28 09:12:55 2018"
1,"23 min","15.4 miles","I-278 W","Fri Sep 28 09:13:16 2018"
1,"23 min","15.4 miles","I-278 W","Fri Sep 28 09:13:39 2018"
1,"23 min","15.4 miles","I-278 W","Fri Sep 28 09:14:12 2018"
1,"23 min","15.4 miles","I-278 W","Fri Sep 28 09:14:32 2018"
1,"23 min","15.4 miles","I-278 W","Fri Sep 28 09:14:58 2018"
1,"23 min","15.4 miles","I-278 W","Fri Sep 28 09:15:33 2018"
1,"23 min","15.4 miles","I-278 W","Fri Sep 28 09:15:59 2018"
1,"23 min","15.4 miles","I-278 W","Fri Sep 28 09:16:20 2018"
1,"23 min","15.4 miles","I-278 W","Fri Sep 28 09:16:44 2018"
1,"23 min","15.4 miles","I-278 W","Fri Sep 28 09:17:09 2018"
1,"23 min","15.4 miles","I-278 W","Fri Sep 28 09:17:34 2018"
1,"23 min","15.4 miles","I-278 W","Fri Sep 28 09:18:01 2018"
1,"23 min","15.4 miles","I-278 W","Fri Sep 28 09:18:23 2018"
1,"23 min","15.4 miles","I-278 W","Fri Sep 28 09:18:43 2018"
1,"23 min","15.4 miles","I-278 W","Fri Sep 28 09:19:04 2018"
1,"24 min","15.4 miles","I-278 W","Fri Sep 28 09:19:26 2018"
1,"23 min","15.4 miles","I-278 W","Fri Sep 28 09:19:46 2018"
1,"23 min","15.4 miles","I-278 W","Fri Sep 28 09:20:20 2018"
1,"23 min","15.4 miles","I-278 W","Fri Sep 28 09:20:40 2018"
1,"23 min","15.4 miles","I-278 W","Fri Sep 28 09:21:00 2018"
1,"23 min","15.4 miles","I-278 W","Fri Sep 28 09:21:27 2018"
1,"23 min","15.4 miles","I-278 W","Fri Sep 28 09:21:48 2018"
1,"23 min","15.4 miles","I-278 W","Fri Sep 28 09:22:10 2018"
1,"23 min","15.4 miles","I-278 W","Fri Sep 28 09:22:43 2018"
1,"23 min","15.4 miles","I-278 W","Fri Sep 28 09:23:08 2018"
1,"23 min","15.4 miles","I-278 W","Fri Sep 28 09:23:28 2018"
1,"23 min","15.4 miles","I-278 W","Fri Sep 28 09:23:52 2018"
1,"23 min","15.4 miles","I-278 W","Fri Sep 28 09:24:12 2018"
1,"23 min","15.4 miles","I-278 W","Fri Sep 28 09:24:36 2018"
1,"23 min","15.4 miles","I-278 W","Fri Sep 28 09:24:57 2018"
1,"23 min","15.4 miles","I-278 W","Fri Sep 28 09:25:18 2018"
1,"23 min","15.4 miles","I-278 W","Fri Sep 28 09:25:40 2018"
1,"24 min","15.4 miles","I-278 W","Fri Sep 28 09:26:01 2018"
1,"23 min","15.4 miles","I-278 W","Fri Sep 28 09:26:24 2018"
1,"23 min","15.4 miles","I-278 W","Fri Sep 28 09:26:46 2018"
1,"23 min","15.4 miles","I-278 W","Fri Sep 28 09:27:19 2018"
1,"23 min","15.4 miles","I-278 W","Fri Sep 28 09:27:39 2018"
1,"23 min","15.4 miles","I-278 W","Fri Sep 28 09:28:01 2018"
1,"22 min","15.4 miles","I-278 W","Fri Sep 28 09:28:21 2018"
1,"23 min","15.4 miles","I-278 W","Fri Sep 28 09:28:41 2018"
1,"23 min","15.4 miles","I-278 W","Fri Sep 28 09:29:02 2018"
1,"23 min","15.4 miles","I-278 W","Fri Sep 28 09:29:22 2018"
1,"23 min","15.4 miles","I-278 W","Fri Sep 28 09:29:43 2018"
1,"22 min","15.4 miles","I-278 W","Fri Sep 28 09:30:10 2018"
1,"23 min","15.4 miles","I-278 W","Fri Sep 28 09:30:30 2018"
1,"22 min","15.4 miles","I-278 W","Fri Sep 28 09:30:50 2018"
1,"23 min","15.4 miles","I-278 W","Fri Sep 28 09:31:12 2018"
1,"22 min","15.4 miles","I-278 W","Fri Sep 28 09:31:40 2018"
1,"22 min","15.4 miles","I-278 W","Fri Sep 28 09:32:05 2018"
1,"22 min","15.4 miles","I-278 W","Fri Sep 28 09:32:26 2018"
1,"21 min","15.4 miles","I-278 W","Fri Sep 28 09:32:54 2018"
1,"21 min","15.4 miles","I-278 W","Fri Sep 28 09:33:16 2018"
1,"21 min","15.4 miles","I-278 W","Fri Sep 28 09:33:37 2018"
1,"21 min","15.4 miles","I-278 W","Fri Sep 28 09:33:57 2018"
1,"21 min","15.4 miles","I-278 W","Fri Sep 28 09:34:18 2018"
1,"21 min","15.4 miles","I-278 W","Fri Sep 28 09:34:37 2018"
1,"21 min","15.4 miles","I-278 W","Fri Sep 28 09:34:59 2018"
1,"21 min","15.4 miles","I-278 W","Fri Sep 28 09:35:20 2018"
1,"21 min","15.4 miles","I-278 W","Fri Sep 28 09:35:41 2018"
1,"21 min","15.4 miles","I-278 W","Fri Sep 28 09:36:07 2018"
1,"21 min","15.4 miles","I-278 W","Fri Sep 28 09:36:27 2018"
1,"21 min","15.4 miles","I-278 W","Fri Sep 28 09:36:55 2018"
1,"21 min","15.4 miles","I-278 W","Fri Sep 28 09:37:17 2018"
1,"21 min","15.4 miles","I-278 W","Fri Sep 28 09:37:45 2018"
1,"21 min","15.4 miles","I-278 W","Fri Sep 28 09:38:05 2018"
1,"21 min","15.4 miles","I-278 W","Fri Sep 28 09:38:32 2018"
1,"21 min","15.4 miles","I-278 W","Fri Sep 28 09:38:54 2018"
1,"22 min","15.4 miles","I-278 W","Fri Sep 28 09:39:14 2018"
1,"22 min","15.4 miles","I-278 W","Fri Sep 28 09:39:42 2018"
1,"22 min","15.4 miles","I-278 W","Fri Sep 28 09:40:10 2018"
1,"22 min","15.4 miles","I-278 W","Fri Sep 28 09:40:36 2018"
1,"22 min","15.4 miles","I-278 W","Fri Sep 28 09:40:55 2018"
1,"22 min","15.4 miles","I-278 W","Fri Sep 28 09:41:16 2018"
1,"22 min","15.4 miles","I-278 W","Fri Sep 28 09:41:36 2018"
1,"22 min","15.4 miles","I-278 W","Fri Sep 28 09:42:02 2018"
1,"21 min","15.4 miles","I-278 W","Fri Sep 28 09:42:24 2018"
1,"21 min","15.4 miles","I-278 W","Fri Sep 28 09:42:45 2018"
1,"21 min","15.4 miles","I-278 W","Fri Sep 28 09:43:08 2018"
1,"21 min","15.4 miles","I-278 W","Fri Sep 28 09:43:31 2018"
1,"21 min","15.4 miles","I-278 W","Fri Sep 28 09:43:57 2018"
1,"21 min","15.4 miles","I-278 W","Fri Sep 28 09:44:17 2018"
1,"21 min","15.4 miles","I-278 W","Fri Sep 28 09:44:45 2018"
1,"21 min","15.4 miles","I-278 W","Fri Sep 28 09:45:06 2018"
1,"21 min","15.4 miles","I-278 W","Fri Sep 28 09:45:28 2018"
1,"21 min","15.4 miles","I-278 W","Fri Sep 28 09:45:50 2018"
1,"21 min","15.4 miles","I-278 W","Fri Sep 28 09:46:11 2018"
1,"22 min","15.4 miles","I-278 W","Fri Sep 28 09:46:31 2018"
1,"21 min","15.4 miles","I-278 W","Fri Sep 28 09:46:53 2018"
1,"22 min","15.4 miles","I-278 W","Fri Sep 28 09:47:25 2018"
1,"22 min","15.4 miles","I-278 W","Fri Sep 28 09:47:51 2018"
1,"22 min","15.4 miles","I-278 W","Fri Sep 28 09:48:11 2018"
1,"22 min","15.4 miles","I-278 W","Fri Sep 28 09:48:37 2018"
1,"22 min","15.4 miles","I-278 W","Fri Sep 28 09:48:58 2018"
1,"22 min","15.4 miles","I-278 W","Fri Sep 28 09:49:20 2018"
1,"22 min","15.4 miles","I-278 W","Fri Sep 28 09:49:41 2018"
1,"22 min","15.4 miles","I-278 W","Fri Sep 28 09:50:02 2018"
1,"22 min","15.4 miles","I-278 W","Fri Sep 28 09:50:23 2018"
1,"22 min","15.4 miles","I-278 W","Fri Sep 28 09:50:51 2018"
1,"22 min","15.4 miles","I-278 W","Fri Sep 28 09:51:19 2018"
1,"22 min","15.4 miles","I-278 W","Fri Sep 28 09:51:39 2018"
1,"22 min","15.4 miles","I-278 W","Fri Sep 28 09:52:05 2018"
1,"22 min","15.4 miles","I-278 W","Fri Sep 28 09:52:24 2018"
1,"22 min","15.4 miles","I-278 W","Fri Sep 28 09:52:49 2018"
1,"22 min","15.4 miles","I-278 W","Fri Sep 28 09:53:07 2018"
1,"22 min","15.4 miles","I-278 W","Fri Sep 28 09:53:28 2018"
1,"22 min","15.4 miles","I-278 W","Fri Sep 28 09:53:49 2018"
1,"22 min","15.4 miles","I-278 W","Fri Sep 28 09:54:09 2018"
1,"22 min","15.4 miles","I-278 W","Fri Sep 28 09:54:30 2018"
1,"22 min","15.4 miles","I-278 W","Fri Sep 28 09:54:54 2018"
1,"22 min","15.4 miles","I-278 W","Fri Sep 28 09:55:13 2018"
1,"22 min","15.4 miles","I-278 W","Fri Sep 28 09:55:38 2018"
1,"22 min","15.4 miles","I-278 W","Fri Sep 28 09:55:58 2018"
1,"22 min","15.4 miles","I-278 W","Fri Sep 28 09:56:23 2018"
1,"22 min","15.4 miles","I-278 W","Fri Sep 28 09:56:45 2018"
1,"22 min","15.4 miles","I-278 W","Fri Sep 28 09:57:15 2018"
1,"21 min","15.4 miles","I-278 W","Fri Sep 28 09:57:40 2018"
1,"21 min","15.4 miles","I-278 W","Fri Sep 28 09:58:00 2018"
1,"20 min","15.4 miles","I-278 W","Fri Sep 28 09:58:20 2018"
1,"20 min","15.4 miles","I-278 W","Fri Sep 28 09:58:41 2018"
1,"20 min","15.4 miles","I-278 W","Fri Sep 28 09:59:02 2018"
1,"20 min","15.4 miles","I-278 W","Fri Sep 28 09:59:25 2018"
1,"20 min","15.4 miles","I-278 W","Fri Sep 28 09:59:44 2018"
1,"20 min","15.4 miles","I-278 W","Fri Sep 28 10:00:08 2018"
1,"21 min","15.4 miles","I-278 W","Fri Sep 28 10:00:27 2018"
1,"20 min","15.4 miles","I-278 W","Fri Sep 28 10:00:51 2018"
1,"21 min","15.4 miles","I-278 W","Fri Sep 28 10:01:11 2018"
1,"21 min","15.4 miles","I-278 W","Fri Sep 28 10:01:30 2018"
1,"21 min","15.4 miles","I-278 W","Fri Sep 28 10:01:52 2018"
1,"21 min","15.4 miles","I-278 W","Fri Sep 28 10:02:13 2018"
1,"21 min","15.4 miles","I-278 W","Fri Sep 28 10:02:32 2018"
1,"21 min","15.4 miles","I-278 W","Fri Sep 28 10:02:58 2018"
1,"21 min","15.4 miles","I-278 W","Fri Sep 28 10:03:18 2018"
1,"21 min","15.4 miles","I-278 W","Fri Sep 28 10:03:38 2018"
1,"20 min","15.4 miles","I-278 W","Fri Sep 28 10:03:58 2018"
1,"21 min","15.4 miles","I-278 W","Fri Sep 28 10:04:20 2018"
1,"21 min","15.4 miles","I-278 W","Fri Sep 28 10:04:40 2018"
1,"21 min","15.4 miles","I-278 W","Fri Sep 28 10:05:05 2018"
1,"21 min","15.4 miles","I-278 W","Fri Sep 28 10:05:25 2018"
1,"21 min","15.4 miles","I-278 W","Fri Sep 28 10:05:44 2018"
1,"21 min","15.4 miles","I-278 W","Fri Sep 28 10:06:05 2018"
1,"21 min","15.4 miles","I-278 W","Fri Sep 28 10:06:24 2018"
1,"21 min","15.4 miles","I-278 W","Fri Sep 28 10:06:50 2018"
1,"21 min","15.4 miles","I-278 W","Fri Sep 28 10:07:17 2018"
1,"21 min","15.4 miles","I-278 W","Fri Sep 28 10:07:38 2018"
1,"21 min","15.4 miles","I-278 W","Fri Sep 28 10:08:05 2018"
1,"20 min","15.4 miles","I-278 W","Fri Sep 28 10:08:25 2018"
1,"20 min","15.4 miles","I-278 W","Fri Sep 28 10:08:46 2018"
1,"20 min","15.4 miles","I-278 W","Fri Sep 28 10:09:12 2018"
1,"21 min","15.4 miles","I-278 W","Fri Sep 28 10:09:32 2018"
1,"21 min","15.4 miles","I-278 W","Fri Sep 28 10:09:52 2018"
1,"21 min","15.4 miles","I-278 W","Fri Sep 28 10:10:12 2018"
1,"21 min","15.4 miles","I-278 W","Fri Sep 28 10:10:31 2018"
1,"21 min","15.4 miles","I-278 W","Fri Sep 28 10:10:56 2018"
1,"21 min","15.4 miles","I-278 W","Fri Sep 28 10:11:16 2018"
1,"21 min","15.4 miles","I-278 W","Fri Sep 28 10:11:41 2018"
1,"21 min","15.4 miles","I-278 W","Fri Sep 28 10:12:07 2018"
1,"21 min","15.4 miles","I-278 W","Fri Sep 28 10:12:33 2018"
1,"22 min","15.4 miles","I-278 W","Fri Sep 28 10:12:53 2018"
1,"22 min","15.4 miles","I-278 W","Fri Sep 28 10:13:20 2018"
1,"23 min","15.4 miles","I-278 W","Fri Sep 28 10:13:39 2018"
1,"23 min","15.4 miles","I-278 W","Fri Sep 28 10:13:59 2018"
1,"22 min","15.4 miles","I-278 W","Fri Sep 28 10:14:19 2018"
1,"22 min","15.4 miles","I-278 W","Fri Sep 28 10:14:43 2018"
1,"22 min","15.4 miles","I-278 W","Fri Sep 28 10:15:02 2018"
1,"22 min","15.4 miles","I-278 W","Fri Sep 28 10:15:23 2018"
1,"22 min","15.4 miles","I-278 W","Fri Sep 28 10:15:43 2018"
1,"22 min","15.4 miles","I-278 W","Fri Sep 28 10:16:03 2018"
1,"22 min","15.4 miles","I-278 W","Fri Sep 28 10:16:29 2018"
1,"22 min","15.4 miles","I-278 W","Fri Sep 28 10:17:02 2018"
1,"22 min","15.4 miles","I-278 W","Fri Sep 28 10:17:21 2018"
1,"22 min","15.4 miles","I-278 W","Fri Sep 28 10:17:41 2018"
1,"22 min","15.4 miles","I-278 W","Fri Sep 28 10:18:07 2018"
1,"22 min","15.4 miles","I-278 W","Fri Sep 28 10:18:27 2018"
1,"23 min","15.4 miles","I-278 W","Fri Sep 28 10:18:51 2018"
1,"23 min","15.4 miles","I-278 W","Fri Sep 28 10:19:11 2018"
1,"24 min","15.4 miles","I-278 W","Fri Sep 28 10:19:37 2018"
1,"23 min","15.4 miles","I-278 W","Fri Sep 28 10:19:57 2018"
1,"23 min","15.4 miles","I-278 W","Fri Sep 28 10:20:19 2018"
1,"23 min","15.4 miles","I-278 W","Fri Sep 28 10:20:40 2018"
1,"24 min","15.4 miles","I-278 W","Fri Sep 28 10:21:00 2018"
1,"23 min","15.4 miles","I-278 W","Fri Sep 28 10:21:20 2018"
1,"23 min","15.4 miles","I-278 W","Fri Sep 28 10:21:40 2018"
1,"23 min","15.4 miles","I-278 W","Fri Sep 28 10:22:07 2018"
1,"23 min","15.4 miles","I-278 W","Fri Sep 28 10:22:27 2018"
1,"23 min","15.4 miles","I-278 W","Fri Sep 28 10:22:47 2018"
1,"23 min","15.4 miles","I-278 W","Fri Sep 28 10:23:08 2018"
1,"23 min","15.4 miles","I-278 W","Fri Sep 28 10:23:33 2018"
1,"23 min","15.4 miles","I-278 W","Fri Sep 28 10:23:55 2018"
1,"22 min","15.4 miles","I-278 W","Fri Sep 28 10:24:16 2018"
1,"23 min","15.4 miles","I-278 W","Fri Sep 28 10:24:44 2018"
1,"23 min","15.4 miles","I-278 W","Fri Sep 28 10:25:11 2018"
1,"23 min","15.4 miles","I-278 W","Fri Sep 28 10:25:32 2018"
1,"22 min","15.4 miles","I-278 W","Fri Sep 28 10:25:51 2018"
1,"22 min","15.4 miles","I-278 W","Fri Sep 28 10:26:12 2018"
1,"22 min","15.4 miles","I-278 W","Fri Sep 28 10:26:33 2018"
1,"22 min","15.4 miles","I-278 W","Fri Sep 28 10:26:54 2018"
1,"22 min","15.4 miles","I-278 W","Fri Sep 28 10:27:15 2018"
1,"22 min","15.4 miles","I-278 W","Fri Sep 28 10:27:49 2018"
1,"22 min","15.4 miles","I-278 W","Fri Sep 28 10:28:09 2018"
1,"22 min","15.4 miles","I-278 W","Fri Sep 28 10:28:35 2018"
1,"22 min","15.4 miles","I-278 W","Fri Sep 28 10:28:54 2018"
1,"21 min","15.4 miles","I-278 W","Fri Sep 28 10:29:14 2018"
1,"22 min","15.4 miles","I-278 W","Fri Sep 28 10:29:39 2018"
1,"22 min","15.4 miles","I-278 W","Fri Sep 28 10:30:07 2018"
1,"21 min","15.4 miles","I-278 W","Fri Sep 28 10:30:30 2018"
1,"21 min","15.4 miles","I-278 W","Fri Sep 28 10:30:50 2018"
1,"21 min","15.4 miles","I-278 W","Fri Sep 28 10:31:12 2018"
1,"21 min","15.4 miles","I-278 W","Fri Sep 28 10:31:32 2018"
1,"21 min","15.4 miles","I-278 W","Fri Sep 28 10:31:58 2018"
1,"21 min","15.4 miles","I-278 W","Fri Sep 28 10:32:16 2018"
1,"21 min","15.4 miles","I-278 W","Fri Sep 28 10:32:42 2018"
1,"21 min","15.4 miles","I-278 W","Fri Sep 28 10:33:02 2018"
1,"21 min","15.4 miles","I-278 W","Fri Sep 28 10:33:22 2018"
1,"21 min","15.4 miles","I-278 W","Fri Sep 28 10:33:43 2018"
1,"21 min","15.4 miles","I-278 W","Fri Sep 28 10:34:03 2018"
1,"21 min","15.4 miles","I-278 W","Fri Sep 28 10:34:27 2018"
1,"21 min","15.4 miles","I-278 W","Fri Sep 28 10:34:52 2018"
1,"21 min","15.4 miles","I-278 W","Fri Sep 28 10:35:19 2018"
1,"22 min","15.4 miles","I-278 W","Fri Sep 28 10:35:44 2018"
1,"22 min","15.4 miles","I-278 W","Fri Sep 28 10:36:15 2018"
1,"22 min","15.4 miles","I-278 W","Fri Sep 28 10:36:36 2018"
1,"21 min","15.4 miles","I-278 W","Fri Sep 28 10:37:01 2018"
1,"22 min","15.4 miles","I-278 W","Fri Sep 28 10:37:21 2018"
1,"22 min","15.4 miles","I-278 W","Fri Sep 28 10:37:41 2018"
1,"22 min","15.4 miles","I-278 W","Fri Sep 28 10:38:07 2018"
1,"22 min","15.4 miles","I-278 W","Fri Sep 28 10:38:28 2018"
1,"22 min","15.4 miles","I-278 W","Fri Sep 28 10:38:49 2018"
1,"22 min","15.4 miles","I-278 W","Fri Sep 28 10:39:11 2018"
1,"22 min","15.4 miles","I-278 W","Fri Sep 28 10:39:42 2018"
1,"22 min","15.4 miles","I-278 W","Fri Sep 28 10:40:08 2018"
1,"22 min","15.4 miles","I-278 W","Fri Sep 28 10:40:37 2018"
1,"22 min","15.4 miles","I-278 W","Fri Sep 28 10:40:58 2018"
1,"22 min","15.4 miles","I-278 W","Fri Sep 28 10:41:26 2018"
1,"22 min","15.4 miles","I-278 W","Fri Sep 28 10:41:45 2018"
1,"22 min","15.4 miles","I-278 W","Fri Sep 28 10:42:10 2018"
1,"22 min","15.4 miles","I-278 W","Fri Sep 28 10:42:30 2018"
1,"22 min","15.4 miles","I-278 W","Fri Sep 28 10:42:57 2018"
1,"22 min","15.4 miles","I-278 W","Fri Sep 28 10:43:24 2018"
1,"22 min","15.4 miles","I-278 W","Fri Sep 28 10:43:49 2018"
1,"22 min","15.4 miles","I-278 W","Fri Sep 28 10:44:08 2018"
1,"22 min","15.4 miles","I-278 W","Fri Sep 28 10:44:33 2018"
1,"22 min","15.4 miles","I-278 W","Fri Sep 28 10:44:53 2018"
1,"22 min","15.4 miles","I-278 W","Fri Sep 28 10:45:12 2018"
1,"22 min","15.4 miles","I-278 W","Fri Sep 28 10:45:34 2018"
1,"22 min","15.4 miles","I-278 W","Fri Sep 28 10:45:54 2018"
1,"22 min","15.4 miles","I-278 W","Fri Sep 28 10:46:12 2018"
1,"22 min","15.4 miles","I-278 W","Fri Sep 28 10:46:32 2018"
1,"22 min","15.4 miles","I-278 W","Fri Sep 28 10:46:58 2018"
1,"22 min","15.4 miles","I-278 W","Fri Sep 28 10:47:19 2018"
1,"22 min","15.4 miles","I-278 W","Fri Sep 28 10:47:40 2018"
1,"21 min","15.4 miles","I-278 W","Fri Sep 28 10:48:13 2018"
1,"22 min","15.4 miles","I-278 W","Fri Sep 28 10:48:38 2018"
1,"22 min","15.4 miles","I-278 W","Fri Sep 28 10:48:57 2018"
1,"21 min","15.4 miles","I-278 W","Fri Sep 28 10:49:22 2018"
1,"22 min","15.4 miles","I-278 W","Fri Sep 28 10:49:52 2018"
1,"22 min","15.4 miles","I-278 W","Fri Sep 28 10:50:13 2018"
1,"22 min","15.4 miles","I-278 W","Fri Sep 28 10:50:40 2018"
1,"22 min","15.4 miles","I-278 W","Fri Sep 28 10:51:00 2018"
1,"22 min","15.4 miles","I-278 W","Fri Sep 28 10:51:19 2018"
1,"22 min","15.4 miles","I-278 W","Fri Sep 28 10:51:45 2018"
1,"22 min","15.4 miles","I-278 W","Fri Sep 28 10:52:06 2018"
1,"22 min","15.4 miles","I-278 W","Fri Sep 28 10:52:40 2018"
1,"22 min","15.4 miles","I-278 W","Fri Sep 28 10:53:06 2018"
1,"22 min","15.4 miles","I-278 W","Fri Sep 28 10:53:26 2018"
1,"22 min","15.4 miles","I-278 W","Fri Sep 28 10:53:46 2018"
1,"22 min","15.4 miles","I-278 W","Fri Sep 28 10:54:08 2018"
1,"23 min","15.4 miles","I-278 W","Fri Sep 28 10:54:29 2018"
1,"23 min","15.4 miles","I-278 W","Fri Sep 28 10:54:51 2018"
1,"22 min","15.4 miles","I-278 W","Fri Sep 28 10:55:11 2018"
1,"23 min","15.4 miles","I-278 W","Fri Sep 28 10:55:36 2018"
1,"23 min","15.4 miles","I-278 W","Fri Sep 28 10:55:57 2018"
1,"23 min","15.4 miles","I-278 W","Fri Sep 28 10:56:19 2018"
1,"23 min","15.4 miles","I-278 W","Fri Sep 28 10:56:40 2018"
1,"23 min","15.4 miles","I-278 W","Fri Sep 28 10:57:02 2018"
1,"23 min","15.4 miles","I-278 W","Fri Sep 28 10:57:21 2018"
1,"23 min","15.4 miles","I-278 W","Fri Sep 28 10:57:41 2018"
1,"23 min","15.4 miles","I-278 W","Fri Sep 28 10:58:02 2018"
1,"23 min","15.4 miles","I-278 W","Fri Sep 28 10:58:22 2018"
1,"23 min","15.4 miles","I-278 W","Fri Sep 28 10:58:42 2018"
1,"23 min","15.4 miles","I-278 W","Fri Sep 28 10:59:02 2018"
1,"23 min","15.4 miles","I-278 W","Fri Sep 28 10:59:22 2018"
1,"23 min","15.4 miles","I-278 W","Fri Sep 28 10:59:47 2018"
1,"23 min","15.4 miles","I-278 W","Fri Sep 28 11:00:07 2018"
1,"22 min","15.4 miles","I-278 W","Fri Sep 28 11:00:31 2018"
1,"23 min","15.4 miles","I-278 W","Fri Sep 28 11:00:52 2018"
1,"23 min","15.4 miles","I-278 W","Fri Sep 28 11:01:13 2018"
1,"23 min","15.4 miles","I-278 W","Fri Sep 28 11:01:33 2018"
1,"23 min","15.4 miles","I-278 W","Fri Sep 28 11:02:01 2018"
1,"22 min","15.4 miles","I-278 W","Fri Sep 28 11:02:17 2018"
1,"22 min","15.4 miles","I-278 W","Fri Sep 28 11:02:47 2018"
1,"22 min","15.4 miles","I-278 W","Fri Sep 28 11:03:08 2018"
1,"22 min","15.4 miles","I-278 W","Fri Sep 28 11:03:36 2018"
1,"22 min","15.4 miles","I-278 W","Fri Sep 28 11:03:57 2018"
1,"22 min","15.4 miles","I-278 W","Fri Sep 28 11:04:18 2018"
1,"22 min","15.4 miles","I-278 W","Fri Sep 28 11:04:40 2018"
1,"22 min","15.4 miles","I-278 W","Fri Sep 28 11:05:01 2018"
1,"22 min","15.4 miles","I-278 W","Fri Sep 28 11:05:22 2018"
1,"22 min","15.4 miles","I-278 W","Fri Sep 28 11:05:42 2018"
1,"22 min","15.4 miles","I-278 W","Fri Sep 28 11:06:01 2018"
1,"22 min","15.4 miles","I-278 W","Fri Sep 28 11:06:21 2018"
1,"22 min","15.4 miles","I-278 W","Fri Sep 28 11:06:40 2018"
1,"22 min","15.4 miles","I-278 W","Fri Sep 28 11:07:05 2018"
1,"22 min","15.4 miles","I-278 W","Fri Sep 28 11:07:27 2018"
1,"22 min","15.4 miles","I-278 W","Fri Sep 28 11:07:47 2018"
1,"22 min","15.4 miles","I-278 W","Fri Sep 28 11:08:07 2018"
1,"21 min","15.4 miles","I-278 W","Fri Sep 28 11:08:27 2018"
1,"21 min","15.4 miles","I-278 W","Fri Sep 28 11:08:47 2018"
1,"22 min","15.4 miles","I-278 W","Fri Sep 28 11:09:12 2018"
1,"22 min","15.4 miles","I-278 W","Fri Sep 28 11:09:32 2018"
1,"22 min","15.4 miles","I-278 W","Fri Sep 28 11:09:52 2018"
1,"21 min","15.4 miles","I-278 W","Fri Sep 28 11:10:13 2018"
1,"21 min","15.4 miles","I-278 W","Fri Sep 28 11:10:32 2018"
1,"22 min","15.4 miles","I-278 W","Fri Sep 28 11:10:52 2018"
1,"22 min","15.4 miles","I-278 W","Fri Sep 28 11:11:18 2018"
1,"22 min","15.4 miles","I-278 W","Fri Sep 28 11:11:39 2018"
1,"22 min","15.4 miles","I-278 W","Fri Sep 28 11:12:00 2018"
1,"22 min","15.4 miles","I-278 W","Fri Sep 28 11:12:21 2018"
1,"22 min","15.4 miles","I-278 W","Fri Sep 28 11:12:44 2018"
1,"22 min","15.4 miles","I-278 W","Fri Sep 28 11:13:11 2018"
1,"22 min","15.4 miles","I-278 W","Fri Sep 28 11:13:32 2018"
1,"22 min","15.4 miles","I-278 W","Fri Sep 28 11:14:00 2018"
1,"22 min","15.4 miles","I-278 W","Fri Sep 28 11:14:20 2018"
1,"22 min","15.4 miles","I-278 W","Fri Sep 28 11:14:45 2018"
1,"22 min","15.4 miles","I-278 W","Fri Sep 28 11:15:05 2018"
1,"22 min","15.4 miles","I-278 W","Fri Sep 28 11:15:26 2018"
1,"22 min","15.4 miles","I-278 W","Fri Sep 28 11:15:45 2018"
1,"22 min","15.4 miles","I-278 W","Fri Sep 28 11:16:10 2018"
1,"22 min","15.4 miles","I-278 W","Fri Sep 28 11:16:31 2018"
1,"22 min","15.4 miles","I-278 W","Fri Sep 28 11:16:52 2018"
1,"22 min","15.4 miles","I-278 W","Fri Sep 28 11:17:14 2018"
1,"22 min","15.4 miles","I-278 W","Fri Sep 28 11:17:35 2018"
1,"22 min","15.4 miles","I-278 W","Fri Sep 28 11:17:56 2018"
1,"22 min","15.4 miles","I-278 W","Fri Sep 28 11:18:16 2018"
1,"22 min","15.4 miles","I-278 W","Fri Sep 28 11:18:37 2018"
1,"22 min","15.4 miles","I-278 W","Fri Sep 28 11:18:57 2018"
1,"22 min","15.4 miles","I-278 W","Fri Sep 28 11:19:22 2018"
1,"22 min","15.4 miles","I-278 W","Fri Sep 28 11:19:42 2018"
1,"23 min","15.4 miles","I-278 W","Fri Sep 28 11:20:06 2018"
1,"23 min","15.4 miles","I-278 W","Fri Sep 28 11:20:28 2018"
1,"23 min","15.4 miles","I-278 W","Fri Sep 28 11:20:49 2018"
1,"23 min","15.4 miles","I-278 W","Fri Sep 28 11:21:10 2018"
1,"23 min","15.4 miles","I-278 W","Fri Sep 28 11:21:30 2018"
1,"23 min","15.4 miles","I-278 W","Fri Sep 28 11:21:49 2018"
1,"22 min","15.4 miles","I-278 W","Fri Sep 28 11:22:09 2018"
1,"23 min","15.4 miles","I-278 W","Fri Sep 28 11:22:35 2018"
1,"23 min","15.4 miles","I-278 W","Fri Sep 28 11:22:57 2018"
1,"23 min","15.4 miles","I-278 W","Fri Sep 28 11:23:18 2018"
1,"23 min","15.4 miles","I-278 W","Fri Sep 28 11:23:38 2018"
1,"23 min","15.4 miles","I-278 W","Fri Sep 28 11:23:57 2018"
1,"23 min","15.4 miles","I-278 W","Fri Sep 28 11:24:21 2018"
1,"23 min","15.4 miles","I-278 W","Fri Sep 28 11:24:42 2018"
1,"23 min","15.4 miles","I-278 W","Fri Sep 28 11:25:02 2018"
1,"23 min","15.4 miles","I-278 W","Fri Sep 28 11:25:23 2018"
1,"23 min","15.4 miles","I-278 W","Fri Sep 28 11:25:43 2018"
1,"23 min","15.4 miles","I-278 W","Fri Sep 28 11:26:08 2018"
1,"23 min","15.4 miles","I-278 W","Fri Sep 28 11:26:28 2018"
1,"23 min","15.4 miles","I-278 W","Fri Sep 28 11:26:48 2018"
1,"23 min","15.4 miles","I-278 W","Fri Sep 28 11:27:13 2018"
1,"23 min","15.4 miles","I-278 W","Fri Sep 28 11:27:33 2018"
1,"23 min","15.4 miles","I-278 W","Fri Sep 28 11:27:54 2018"
1,"23 min","15.4 miles","I-278 W","Fri Sep 28 11:28:15 2018"
1,"23 min","15.4 miles","I-278 W","Fri Sep 28 11:28:42 2018"
1,"23 min","15.4 miles","I-278 W","Fri Sep 28 11:29:09 2018"
1,"23 min","15.4 miles","I-278 W","Fri Sep 28 11:29:35 2018"
1,"23 min","15.4 miles","I-278 W","Fri Sep 28 11:29:54 2018"
1,"23 min","15.4 miles","I-278 W","Fri Sep 28 11:30:14 2018"
1,"23 min","15.4 miles","I-278 W","Fri Sep 28 11:30:33 2018"
1,"23 min","15.4 miles","I-278 W","Fri Sep 28 11:30:59 2018"
1,"23 min","15.4 miles","I-278 W","Fri Sep 28 11:31:19 2018"
1,"23 min","15.4 miles","I-278 W","Fri Sep 28 11:31:43 2018"
1,"23 min","15.4 miles","I-278 W","Fri Sep 28 11:32:03 2018"
1,"23 min","15.4 miles","I-278 W","Fri Sep 28 11:32:23 2018"
1,"23 min","15.4 miles","I-278 W","Fri Sep 28 11:32:43 2018"
1,"24 min","15.4 miles","I-278 W","Fri Sep 28 11:33:07 2018"
1,"24 min","15.4 miles","I-278 W","Fri Sep 28 11:33:27 2018"
1,"24 min","15.4 miles","I-278 W","Fri Sep 28 11:33:48 2018"
1,"24 min","15.4 miles","I-278 W","Fri Sep 28 11:34:09 2018"
1,"24 min","15.4 miles","I-278 W","Fri Sep 28 11:34:30 2018"
1,"24 min","15.4 miles","I-278 W","Fri Sep 28 11:34:51 2018"
1,"24 min","15.4 miles","I-278 W","Fri Sep 28 11:35:11 2018"
1,"24 min","15.4 miles","I-278 W","Fri Sep 28 11:35:29 2018"
1,"23 min","15.4 miles","I-278 W","Fri Sep 28 11:35:56 2018"
1,"24 min","15.4 miles","I-278 W","Fri Sep 28 11:36:15 2018"
